E,case,cg_beta,converged,iters,resid,stop,wall_s
5.462457921941008,2D_harmonic,pr,True,179,9.77314592051449e-07,converged,0.6237025260925293
5.462457922198833,2D_harmonic,pr_precond,True,199,9.941270132023333e-07,converged,0.5964930057525635
5.462457922201784,2D_harmonic,none,True,300,9.851651025995512e-07,converged,0.8557677268981934
3.364203826292645,2D_lattice_0.9,pr,True,9868,9.840245347440304e-07,converged,46.660229444503784
3.3642038171647553,2D_lattice_0.9,pr_precond,True,10399,9.98111589780316e-07,converged,49.39004683494568
3.3645308699800704,2D_lattice_0.9,none,False,59999,0.00012284326273051093,maxit,275.99241495132446
-3.4421491039498813,3D_selfgrav,pr,True,748,9.987661791200672e-07,converged,164.96339631080627
-3.442149103946215,3D_selfgrav,pr_precond,True,134,8.447512831197396e-07,converged,30.628822565078735
-3.442149103949774,3D_selfgrav,none,True,657,9.81608611500469e-07,converged,141.55311799049377
