N,device,gpu,iters,ms_per_iter,ndim,ns_per_point_iter,points,torch_threads
256,cuda,Tesla T4,199,7.0510857069312625,2,107.59102946367284,65536,2
384,cuda,Tesla T4,199,13.041064966863123,2,88.44038199098799,147456,2
512,cuda,Tesla T4,199,17.92808154120517,2,68.3902036331374,262144,2
768,cuda,Tesla T4,199,55.56410521119084,2,94.20455120712423,589824,2
1024,cuda,Tesla T4,199,92.03969174294016,2,87.77589010519043,1048576,2
64,cuda,Tesla T4,199,21.002783847214587,3,80.1192621124824,262144,2
96,cuda,Tesla T4,199,73.94371080638176,3,83.57714708837638,884736,2
128,cuda,Tesla T4,199,167.93779272529946,3,80.07897983803724,2097152,2
160,cuda,Tesla T4,199,378.9596689406352,3,92.51945042495976,4096000,2
