case,method,N,E_final,E_ref,rel_err_final,iters_or_steps,resid,stop,wall_total_s,E_itp_extrap,t_to_1e-04,t_to_1e-05,t_to_1e-06
A_2D_harmonic,PCG-pp,256,5.462457921845933,5.462457921845933,0.0,321,9.461197124308859e-09,converged,1.1163051128387451,nan,0.16776227951049805,0.21915316581726074,0.25751233100891113
A_2D_harmonic,PCG-pr,256,5.462457921845941,5.462457921845933,1.4633715978538543e-15,270,8.773459783668218e-09,converged,0.8380248546600342,nan,0.10225892066955566,0.13683152198791504,0.1740117073059082
A_2D_harmonic,ITP,256,5.462458128632033,5.462457921845933,3.785587059921389e-08,100,nan,reached_stop_tol,0.04416346549987793,nan,0.02236628532409668,0.02236628532409668,0.033789634704589844
B_2D_lattice_0.9,PCG-pp,256,3.3642038118564326,3.3642038118488156,2.2641369409668144e-12,19999,3.0817055242487995e-08,maxit,36.40620446205139,nan,17.1004159450531,24.246930837631226,27.55658507347107
B_2D_lattice_0.9,PCG-pr,256,3.3642038118488156,3.3642038118488156,0.0,19999,2.7861342623883567e-08,maxit,41.289305448532104,nan,18.306183338165283,25.151328802108765,28.56621265411377
B_2D_lattice_0.9,ITP,256,3.36576618169679,3.3642038118488156,0.00046440998683599415,160000,nan,stages_done,109.0768690109253,3.3657648349232083,nan,nan,nan
C_3D_harmonic,PCG-pp,96,3.562388156892272,3.562388156892272,0.0,200,7.118260415130378e-09,converged,5.192444562911987,nan,0.3789527416229248,0.5472331047058105,0.7090253829956055
C_3D_harmonic,PCG-pr,96,3.5623881568922746,3.562388156892272,7.479632038258408e-16,179,9.663089247057612e-09,converged,4.728941202163696,nan,0.40183091163635254,0.5699715614318848,0.8749246597290039
C_3D_harmonic,ITP,96,3.562388279881305,3.562388156892272,3.452432125960938e-08,125,nan,reached_stop_tol,0.556786298751831,nan,0.2222905158996582,0.3334777355194092,0.4454526901245117
D_3D_selfgrav,PCG-pp,96,-3.4389399174716857,-3.4389399174716857,0.0,19999,4.032171638006902e-08,maxit,39.06972551345825,nan,2.6255643367767334,3.5740725994110107,3.828885078430176
D_3D_selfgrav,PCG-pr,96,-3.4389399174716795,-3.4389399174716857,1.8078969354229977e-15,726,7.6115888205414e-09,converged,45.97667574882507,nan,7.761104583740234,11.570619583129883,15.509054183959961
D_3D_selfgrav,ITP,96,-3.4389397577592042,-3.4389399174716857,4.644235877773459e-08,100,nan,reached_stop_tol,2.1568822860717773,nan,1.077580451965332,1.61790132522583,1.61790132522583
