E,Egrav,G_C,R90,case,dx,iters,l_z,mu,resid,virial_lr_term,virial_rel,virial_rel_old_p0
4.686166860018094,0.7083292079970955,2.0,2.6972932035166073,log,,225,nan,7.456460849182694,4.2124863596264364e-08,-1.0000000000000004,2.3167074712431896e-05,0.21336591248559733
5.6781021247634405,1.5373311857758203,5.0,2.470529419317847,log,,208,nan,9.702847854489697,6.522184794951791e-08,-2.500000000000002,4.8581134995139824e-05,0.44021798896771563
7.032465913481559,2.3577957162875762,10.0,2.145239111690132,log,,207,nan,12.707805441315694,4.671735655904184e-08,-5.000000000000002,8.805027003304379e-05,0.7108375070178383
1.92861678078912,-2.0769362905500226,10.0,2.6403733032584635,q2d,0.052083333333333336,219,2.0,2.013070323161505,8.640025047405769e-08,-1.36695076548186,1.1053940354860383e-05,
1.4692427087510112,-2.603774022030093,10.0,2.5440989045457947,q2d,0.052083333333333336,291,1.0,1.2077959864374166,8.793675536862633e-08,-2.0037003260043336,1.4951591082599141e-05,
1.1101711483170051,-3.0504201683719687,10.0,2.4567659198061538,q2d,0.052083333333333336,250,0.5,0.5873773648183054,5.054725943444162e-08,-2.618020995606435,1.8503383545919728e-05,
0.8676011955222487,-3.376982208935268,10.0,2.3941343613950568,q2d,0.052083333333333336,234,0.25,0.17183258642266885,9.406730492413613e-08,-3.1039583947604266,2.123946358093005e-05,
0.689687013012132,-3.633243103540326,10.0,2.3396955672100215,q2d,0.052083333333333336,360,0.1,-0.13148311815888292,7.58190661789596e-08,-3.504178589297605,2.3462306353385378e-05,
0.6231336552349034,-3.7334587779117556,10.0,2.320486396869219,q2d,0.052083333333333336,225,0.05,-0.24467811413946183,7.665572493967166e-08,-3.664801324848859,2.4339050159120084e-05,
0.5521893114078353,-3.843235953566111,10.0,2.2940328693283365,newton,0.052083333333333336,196,0.0,-0.3652003186199644,9.173774098327774e-08,-3.843235953566111,2.504621144010166e-05,
