N,device,iters,label,ms_per_iter,ndim,ns_per_point_iter,points,walltime_s
256,cuda,200,2D,6.243401765823364,2,95.26675057713874,65536,1.2486803531646729
384,cuda,200,2D,13.00228238105774,2,88.17737074827568,147456,2.600456476211548
512,cuda,200,2D,16.827268600463867,2,64.19093551812693,262144,3.3654537200927734
768,cuda,200,2D,55.87704539299011,2,94.73511656526372,589824,11.175409078598022
1024,cuda,200,2D,88.15340399742126,2,84.06963729612471,1048576,17.630680799484253
64,cuda,200,3D,20.9406578540802,3,79.88227025634842,262144,4.18813157081604
96,cuda,200,3D,73.707115650177,3,83.3097281563958,884736,14.7414231300354
128,cuda,200,3D,168.44977974891663,3,80.32311427541572,2097152,33.689955949783325
160,cuda,200,3D,377.28615045547485,3,92.11087657604367,4096000,75.45723009109497
